ts	phase	decision	why	evidence	result
2026-09-26T17:10:00Z	frame	Anatomy is done when the clinic app has one Anatomy tab with Muscles, Skeleton, and Both, English hover and tap labels, 44px targets, and a production deploy only after a phone and desktop browser pass	the clinic already has a phone bar and a sidebar, and Chris will try it on smartchiro.org	context/project-overview.md	predicate set
2026-09-26T17:12:00Z	scope	kept both prototype folders and merged the open phone-navigation branch into this branch	a production deploy of main alone would drop the phone bar Chris already has	commit 1818f59	prototypes untouched, phone nav kept
2026-09-26T17:15:00Z	design	Both is two viewers side by side, not one model drawn on top of the other	the muscle mannequin and the ivory skeleton do not share a pose, so an overlay would misalign	src/components/anatomy/AnatomyStudio.tsx	split view
2026-09-26T17:18:00Z	interaction	a still mouse pointer shows the English name, a short press shows the same label, and a drag is left to the orbit control	phones have no hover, and calling preventDefault on the drag would freeze the turn gesture	src/components/anatomy/stage-pointer.ts	labels do not block orbit
2026-09-26T17:22:00Z	verify	checked the tab locally with a temporary signed-out bypass, then removed that bypass before commit	the production database URL stays on Production only, so local sign-in cannot run here	src/middleware.ts matches main	bypass not in the diff
2026-09-26T17:28:00Z	verify	captured screenshots with the browser debugger instead of the page screenshot helper	the helper waited forever because the canvas keeps painting	/cursor/stores/self/media/anatomy-tab/desktop-muscles.png	screenshots saved
2026-09-26T17:34:00Z	verify	closed the desktop page before opening the phone page	the phone muscle stage never marked itself ready while the desktop page still held the graphics contexts	phone pass after the close	phone canvas ready
2026-09-26T17:42:00Z	framing	moved the muscle camera back so the head fits on a phone	the first phone shot cut the top of the head	src/components/anatomy/mount-muscles.ts	head visible, 476 non-background pixels in the head band
2026-09-26T17:44:00Z	verify	desktop hover, skeleton hover, explode, phone tap, phone orbit, and phone explode all ran	the predicate is the real screen, not the typecheck	/cursor/stores/self/media/anatomy-tab/	desktop label Right Rectus abdominis, phone bone Lumbar vertebrae (L4), explode slider above 0.85, orbits moved
2026-09-26T17:45:00Z	verify	unit tests and lint on the anatomy files	names and the 50-muscle count should stay pinned	src/lib/__tests__/anatomy.test.ts	2 tests passed, eslint clean
